"Years","1929","1930","1931","1932","1933","1934","1935","1936","1937","1938","1939","1940","1941","1942","1943","1944","1945","1946","1947","1948","1949","1950","1951","1952","1953","1954","1955","1956","1957","1958","1959","1960","1961","1962","1963","1964","1965","1966","1967","1968","1969","1970","1971","1972","1973","1974","1975","1976","1977","1978","1979","1980","1981","1982","1983","1984","1985","1986","1987","1988","1989","1990","1991","1992","1993","1994","1995","1996","1997","1998","1999","2000","2001","2002","2003","2004","2005","2006","2007","2008","2009","2010","2011","2012","2013","2014","2015","2016","2017","2018","2019","2020"
"Gross domestic product ($)","104600000000","92200000000","77400000000","59500000000","57200000000","66800000000","74200000000","84800000000","93000000000","87400000000","93400000000","102900000000","129300000000","166000000000","203100000000","224400000000","228000000000","227500000000","249600000000","274500000000","272500000000","299800000000","346900000000","367300000000","389200000000","390500000000","425500000000","449400000000","474000000000","481200000000","521700000000","542400000000","562200000000","603900000000","637500000000","684500000000","742300000000","813400000000","860000000000","940700000000","1017600000000","1073300000000","1164900000000","1279100000000","1425400000000","1545200000000","1684900000000","1873400000000","2081800000000","2351600000000","2627300000000","2857300000000","3207000000000","3343800000000","3634000000000","4037600000000","4339000000000","4579600000000","4855200000000","5236400000000","5641600000000","5963100000000","6158100000000","6520300000000","6858600000000","7287200000000","7639700000000","8073100000000","8577600000000","9062800000000","9630700000000","10252300000000","10581800000000","10936400000000","11458200000000","12213700000000","13036600000000","13814600000000","14451900000000","14712800000000","14448900000000","14992100000000","15542600000000","16197000000000","16784900000000","17527300000000","18238300000000","18745100000000","19543000000000","20611900000000","21433200000000","20932800000000"
"    By type",,,,,,,,,,,,,,,,,,,,,,,,,,,,,,,,,,,,,,,,,,,,,,,,,,,,,,,,,,,,,,,,,,,,,,,,,,,,,,,,,,,,,,,,,,,,
"        Private industries ($)",,,,,,,,,,,,,,,,,,,,,,,,,,,,,,,,,,,,,,,,,,,,,,,,,,,,,,,,,,,,,,,,,,,,,"7432000000000","7871500000000","8378300000000","8929300000000","9188900000000","9462000000000","9905900000000","10582500000000","11326400000000","12022600000000","12564800000000","12731200000000","12403900000000","12884100000000","13405500000000","14037500000000","14572300000000","15255900000000","15898900000000","16360200000000","17094200000000","18062200000000","18793800000000",
"            By industry",,,,,,,,,,,,,,,,,,,,,,,,,,,,,,,,,,,,,,,,,,,,,,,,,,,,,,,,,,,,,,,,,,,,,,,,,,,,,,,,,,,,,,,,,,,,
"                Agriculture, forestry, fishing, and hunting ($)",,,,,,,,,,,,,,,,,,,,,,,,,,,,,,,,,,,,,,,,,,,,,,,,,,,,,,,,,,,,,,,,,,,,,"108600000000","99800000000","92600000000","98300000000","99800000000","95600000000","114000000000","142900000000","128300000000","125100000000","144100000000","147200000000","130000000000","146300000000","180900000000","179600000000","215600000000","201000000000","182300000000","166600000000","176600000000","178600000000","175400000000",
"                    Type of agriculture",,,,,,,,,,,,,,,,,,,,,,,,,,,,,,,,,,,,,,,,,,,,,,,,,,,,,,,,,,,,,,,,,,,,,,,,,,,,,,,,,,,,,,,,,,,,
"                        Farms ($)",,,,,,,,,,,,,,,,,,,,,,,,,,,,,,,,,,,,,,,,,,,,,,,,,,,,,,,,,,,,,,,,,,,,,"88100000000","79000000000","70900000000","76000000000","78100000000","74000000000","91100000000","119400000000","104500000000","96300000000","115700000000","119500000000","103100000000","117600000000","152200000000","148900000000","184600000000","168100000000","147400000000","130600000000","140100000000","140300000000","136100000000",
"                        Forestry, fishing, and related activities ($)",,,,,,,,,,,,,,,,,,,,,,,,,,,,,,,,,,,,,,,,,,,,,,,,,,,,,,,,,,,,,,,,,,,,,"20500000000","20700000000","21700000000","22300000000","21700000000","21600000000","22800000000","23600000000","23900000000","28900000000","28400000000","27800000000","26900000000","28700000000","28700000000","30600000000","31000000000","32900000000","34900000000","35900000000","36600000000","38300000000","39300000000",
"                Mining ($)",,,,,,,,,,,,,,,,,,,,,,,,,,,,,,,,,,,,,,,,,,,,,,,,,,,,,,,,,,,,,,,,,,,,,"95100000000","81700000000","84500000000","110600000000","123900000000","112400000000","139000000000","166500000000","225700000000","273300000000","314000000000","392200000000","275800000000","305800000000","356300000000","358800000000","386500000000","416400000000","261800000000","218000000000","274000000000","330800000000","309500000000",
"                    Type of mining",,,,,,,,,,,,,,,,,,,,,,,,,,,,,,,,,,,,,,,,,,,,,,,,,,,,,,,,,,,,,,,,,,,,,,,,,,,,,,,,,,,,,,,,,,,,
"                        Oil and gas extraction ($)",,,,,,,,,,,,,,,,,,,,,,,,,,,,,,,,,,,,,,,,,,,,,,,,,,,,,,,,,,,,,,,,,,,,,"55100000000","39100000000","44100000000","68200000000","76100000000","69900000000","92900000000","113000000000","156000000000","178900000000","205900000000","271500000000","172900000000","188800000000","218100000000","223800000000","255100000000","278300000000","158200000000","138600000000","174600000000","214800000000","193100000000",
"                        Mining, except oil and gas ($)",,,,,,,,,,,,,,,,,,,,,,,,,,,,,,,,,,,,,,,,,,,,,,,,,,,,,,,,,,,,,,,,,,,,,"26500000000","29000000000","29300000000","28500000000","28100000000","27300000000","29200000000","33600000000","42900000000","51800000000","58000000000","61300000000","61600000000","69500000000","76400000000","66600000000","62100000000","58800000000","50000000000","47300000000","56300000000","59500000000","60800000000",
"                        Support activities for mining ($)",,,,,,,,,,,,,,,,,,,,,,,,,,,,,,,,,,,,,,,,,,,,,,,,,,,,,,,,,,,,,,,,,,,,,"13500000000","13600000000","11100000000","13800000000","19700000000","15200000000","16900000000","19900000000","26800000000","42600000000","50100000000","59400000000","41400000000","47500000000","61900000000","68400000000","69300000000","79400000000","53600000000","32100000000","43000000000","56600000000","55500000000",
"                Utilities ($)",,,,,,,,,,,,,,,,,,,,,,,,,,,,,,,,,,,,,,,,,,,,,,,,,,,,,,,,,,,,,,,,,,,,,"171500000000","163700000000","179900000000","180100000000","181300000000","177600000000","184000000000","199200000000","198100000000","226800000000","231900000000","241700000000","258200000000","278800000000","287500000000","279700000000","286300000000","298100000000","299200000000","301700000000","310100000000","321800000000","335300000000",
"                Construction ($)",,,,,,,,,,,,,,,,,,,,,,,,,,,,,,,,,,,,,,,,,,,,,,,,,,,,,,,,,,,,,,,,,,,,,"339600000000","379800000000","417600000000","461300000000","486500000000","493600000000","525200000000","584600000000","651800000000","697100000000","715300000000","648900000000","565600000000","525100000000","524400000000","553400000000","587600000000","636900000000","694900000000","746900000000","797800000000","848200000000","892700000000",
"                Manufacturing ($)",,,,,,,,,,,,,,,,,,,,,,,,,,,,,,,,,,,,,,,,,,,,,,,,,,,,,,,,,,,,,,,,,,,,,"1382900000000","1430600000000","1488900000000","1550200000000","1473900000000","1468500000000","1524200000000","1608100000000","1693400000000","1793800000000","1844700000000","1800800000000","1702100000000","1797000000000","1867600000000","1927100000000","1991900000000","2050200000000","2129600000000","2099700000000","2182400000000","2314400000000","2345800000000",
"                    Type of manufacturing goods",,,,,,,,,,,,,,,,,,,,,,,,,,,,,,,,,,,,,,,,,,,,,,,,,,,,,,,,,,,,,,,,,,,,,,,,,,,,,,,,,,,,,,,,,,,,
"                        Durable goods ($)",,,,,,,,,,,,,,,,,,,,,,,,,,,,,,,,,,,,,,,,,,,,,,,,,,,,,,,,,,,,,,,,,,,,,"823800000000","850700000000","874900000000","924800000000","833400000000","832800000000","863200000000","905100000000","956800000000","1004400000000","1030600000000","999700000000","881000000000","964300000000","1015200000000","1061700000000","1102000000000","1134100000000","1183800000000","1186400000000","1227200000000","1287600000000","1320800000000",
"                            Type of durable goods",,,,,,,,,,,,,,,,,,,,,,,,,,,,,,,,,,,,,,,,,,,,,,,,,,,,,,,,,,,,,,,,,,,,,,,,,,,,,,,,,,,,,,,,,,,,
"                                Wood products ($)",,,,,,,,,,,,,,,,,,,,,,,,,,,,,,,,,,,,,,,,,,,,,,,,,,,,,,,,,,,,,,,,,,,,,"26800000000","27500000000","29400000000","28300000000","27200000000","27300000000","28700000000","32600000000","34700000000","31700000000","29100000000","25600000000","21200000000","23300000000","23600000000","25800000000","30500000000","30900000000","32500000000","35300000000","37500000000","40400000000","41200000000",
"                                Nonmetallic mineral products ($)",,,,,,,,,,,,,,,,,,,,,,,,,,,,,,,,,,,,,,,,,,,,,,,,,,,,,,,,,,,,,,,,,,,,,"39800000000","40800000000","43200000000","42600000000","41300000000","41800000000","42000000000","45300000000","48800000000","50500000000","50200000000","44700000000","38900000000","38400000000","38800000000","42600000000","47100000000","49500000000","54700000000","57400000000","61000000000","62700000000","65000000000",
"                                Primary metals ($)",,,,,,,,,,,,,,,,,,,,,,,,,,,,,,,,,,,,,,,,,,,,,,,,,,,,,,,,,,,,,,,,,,,,,"48100000000","49000000000","46200000000","47000000000","40300000000","41700000000","39300000000","55000000000","56300000000","62700000000","64500000000","68800000000","41100000000","50900000000","62500000000","65500000000","62300000000","64100000000","60100000000","56800000000","58900000000","64700000000","64200000000",
"                                Fabricated metal products ($)",,,,,,,,,,,,,,,,,,,,,,,,,,,,,,,,,,,,,,,,,,,,,,,,,,,,,,,,,,,,,,,,,,,,,"110000000000","111700000000","116000000000","121300000000","110900000000","106100000000","108500000000","114700000000","122400000000","126800000000","134800000000","133100000000","117400000000","119900000000","127200000000","137600000000","141600000000","143900000000","147400000000","145900000000","149200000000","157400000000","161200000000",
"                                Machinery ($)",,,,,,,,,,,,,,,,,,,,,,,,,,,,,,,,,,,,,,,,,,,,,,,,,,,,,,,,,,,,,,,,,,,,,"102200000000","113800000000","111100000000","113100000000","105400000000","98900000000","97400000000","104100000000","114400000000","121900000000","129500000000","131600000000","118600000000","127200000000","144500000000","152500000000","158200000000","160900000000","152500000000","143600000000","151600000000","160200000000","162600000000",
"                                Computer and electronic products ($)",,,,,,,,,,,,,,,,,,,,,,,,,,,,,,,,,,,,,,,,,,,,,,,,,,,,,,,,,,,,,,,,,,,,,"195300000000","191700000000","186600000000","225400000000","173500000000","172900000000","193500000000","201500000000","211300000000","224100000000","228300000000","232100000000","223700000000","239800000000","237100000000","240400000000","244000000000","251200000000","267300000000","267700000000","279900000000","294900000000","303900000000",
"                                Electrical equipment, appliances, and components ($)",,,,,,,,,,,,,,,,,,,,,,,,,,,,,,,,,,,,,,,,,,,,,,,,,,,,,,,,,,,,,,,,,,,,,"46900000000","40600000000","44600000000","45700000000","44300000000","43700000000","45600000000","42100000000","43200000000","51400000000","50300000000","55500000000","50700000000","50700000000","48200000000","52000000000","58000000000","54400000000","63600000000","58400000000","59900000000","63500000000","65900000000",
"                                Motor vehicles, bodies and trailers, and parts ($)",,,,,,,,,,,,,,,,,,,,,,,,,,,,,,,,,,,,,,,,,,,,,,,,,,,,,,,,,,,,,,,,,,,,,"112000000000","123900000000","134700000000","137500000000","125000000000","135200000000","143200000000","139100000000","136000000000","134100000000","124900000000","90300000000","47800000000","88700000000","104200000000","115300000000","122800000000","132500000000","146200000000","155200000000","157700000000","159200000000","164000000000",
"                                Other transportation equipment ($)",,,,,,,,,,,,,,,,,,,,,,,,,,,,,,,,,,,,,,,,,,,,,,,,,,,,,,,,,,,,,,,,,,,,,"62500000000","66800000000","73800000000","71100000000","76900000000","73000000000","72600000000","75900000000","89700000000","96300000000","114200000000","114500000000","117400000000","120600000000","126800000000","126500000000","133100000000","139100000000","149100000000","148200000000","151400000000","159400000000","164800000000",
"                                Furniture and related products ($)",,,,,,,,,,,,,,,,,,,,,,,,,,,,,,,,,,,,,,,,,,,,,,,,,,,,,,,,,,,,,,,,,,,,,"27900000000","29700000000","31600000000","33500000000","31200000000","31200000000","30400000000","31000000000","33700000000","34500000000","32500000000","27800000000","22800000000","21800000000","22000000000","22400000000","24000000000","25700000000","29100000000","30300000000","29700000000","30900000000","31200000000",
"                                Miscellaneous manufacturing ($)",,,,,,,,,,,,,,,,,,,,,,,,,,,,,,,,,,,,,,,,,,,,,,,,,,,,,,,,,,,,,,,,,,,,,"52300000000","55300000000","57700000000","59200000000","57500000000","61000000000","62200000000","63900000000","66300000000","70500000000","72200000000","75500000000","81400000000","83000000000","80300000000","81200000000","80400000000","81700000000","81300000000","87400000000","90300000000","94300000000","96700000000",
"                        Nondurable goods ($)",,,,,,,,,,,,,,,,,,,,,,,,,,,,,,,,,,,,,,,,,,,,,,,,,,,,,,,,,,,,,,,,,,,,,"559100000000","579900000000","614100000000","625400000000","640500000000","635700000000","661000000000","703000000000","736600000000","789400000000","814100000000","801100000000","821200000000","832700000000","852400000000","865300000000","889900000000","916100000000","945800000000","913400000000","955100000000","1026800000000","1025100000000",
"                            Type of nondurable goods",,,,,,,,,,,,,,,,,,,,,,,,,,,,,,,,,,,,,,,,,,,,,,,,,,,,,,,,,,,,,,,,,,,,,,,,,,,,,,,,,,,,,,,,,,,,
"                                Food and beverage and tobacco products ($)",,,,,,,,,,,,,,,,,,,,,,,,,,,,,,,,,,,,,,,,,,,,,,,,,,,,,,,,,,,,,,,,,,,,,"135200000000","140000000000","161800000000","163200000000","174200000000","175600000000","178900000000","175800000000","178700000000","193900000000","194100000000","199100000000","237800000000","223200000000","209200000000","219300000000","227900000000","238500000000","261700000000","264300000000","265700000000","260500000000","265000000000",
"                                Textile mills and textile product mills ($)",,,,,,,,,,,,,,,,,,,,,,,,,,,,,,,,,,,,,,,,,,,,,,,,,,,,,,,,,,,,,,,,,,,,,"27400000000","28100000000","28500000000","28000000000","24900000000","24000000000","18700000000","22200000000","20700000000","20100000000","19300000000","17800000000","15100000000","15500000000","15100000000","15900000000","16700000000","17800000000","17900000000","18400000000","18100000000","17400000000","17200000000",
"                                Apparel and leather and allied products ($)",,,,,,,,,,,,,,,,,,,,,,,,,,,,,,,,,,,,,,,,,,,,,,,,,,,,,,,,,,,,,,,,,,,,,"25200000000","23400000000","22400000000","22200000000","19500000000","18100000000","15500000000","14600000000","13800000000","12900000000","11800000000","11600000000","9900000000","10400000000","10100000000","10000000000","10200000000","9900000000","9700000000","9600000000","9400000000","9400000000","9300000000",
"                                Paper products ($)",,,,,,,,,,,,,,,,,,,,,,,,,,,,,,,,,,,,,,,,,,,,,,,,,,,,,,,,,,,,,,,,,,,,,"55400000000","55900000000","59400000000","62200000000","53500000000","54100000000","51000000000","52700000000","51700000000","58000000000","55700000000","51400000000","59300000000","56300000000","53700000000","53000000000","56300000000","56700000000","59700000000","58400000000","55200000000","59900000000","61200000000",
"                                Printing and related support activities ($)",,,,,,,,,,,,,,,,,,,,,,,,,,,,,,,,,,,,,,,,,,,,,,,,,,,,,,,,,,,,,,,,,,,,,"37400000000","39700000000","42200000000","43700000000","42700000000","42100000000","42200000000","42800000000","44500000000","46800000000","47700000000","45200000000","39700000000","39400000000","38700000000","38300000000","38900000000","39000000000","40200000000","41000000000","40300000000","39600000000","40300000000",
"                                Petroleum and coal products ($)",,,,,,,,,,,,,,,,,,,,,,,,,,,,,,,,,,,,,,,,,,,,,,,,,,,,,,,,,,,,,,,,,,,,,"47500000000","50100000000","45200000000","52700000000","68300000000","50700000000","81300000000","104200000000","141200000000","140000000000","154500000000","154600000000","110800000000","123400000000","158100000000","158000000000","150600000000","157700000000","145400000000","85000000000","130500000000","182000000000","158100000000",
"                                Chemical products ($)",,,,,,,,,,,,,,,,,,,,,,,,,,,,,,,,,,,,,,,,,,,,,,,,,,,,,,,,,,,,,,,,,,,,,"173400000000","181000000000","188700000000","187900000000","193800000000","207900000000","210700000000","226800000000","223100000000","253800000000","267700000000","265400000000","288300000000","302600000000","304600000000","303400000000","320300000000","329300000000","333000000000","357000000000","358300000000","376800000000","390800000000",
"                                Plastics and rubber products ($)",,,,,,,,,,,,,,,,,,,,,,,,,,,,,,,,,,,,,,,,,,,,,,,,,,,,,,,,,,,,,,,,,,,,,"57600000000","61800000000","66000000000","65500000000","63500000000","63000000000","62700000000","63900000000","62900000000","64000000000","63300000000","56000000000","60400000000","61800000000","62900000000","67500000000","69000000000","67100000000","78300000000","79800000000","77500000000","81100000000","83200000000",
"                Wholesale trade ($)",,,,,,,,,,,,,,,,,,,,,,,,,,,,,,,,,,,,,,,,,,,,,,,,,,,,,,,,,,,,,,,,,,,,,"527500000000","563700000000","584000000000","622600000000","613800000000","613100000000","641500000000","697100000000","754900000000","811500000000","857800000000","884300000000","834200000000","888900000000","934900000000","997400000000","1040100000000","1088200000000","1142900000000","1133600000000","1163500000000","1210900000000","1262300000000",
"                Retail trade ($)",,,,,,,,,,,,,,,,,,,,,,,,,,,,,,,,,,,,,,,,,,,,,,,,,,,,,,,,,,,,,,,,,,,,,"579900000000","626900000000","652600000000","685500000000","709500000000","732600000000","769600000000","795600000000","840800000000","869900000000","869200000000","848700000000","827600000000","851500000000","871900000000","908400000000","949500000000","974500000000","1020100000000","1052800000000","1083500000000","1115800000000","1162200000000",
"                    Type of retail",,,,,,,,,,,,,,,,,,,,,,,,,,,,,,,,,,,,,,,,,,,,,,,,,,,,,,,,,,,,,,,,,,,,,,,,,,,,,,,,,,,,,,,,,,,,
"                        Motor vehicle and parts dealers ($)",,,,,,,,,,,,,,,,,,,,,,,,,,,,,,,,,,,,,,,,,,,,,,,,,,,,,,,,,,,,,,,,,,,,,"118500000000","123700000000","135300000000","138600000000","132700000000","147000000000","149800000000","152700000000","158100000000","160500000000","162800000000","144400000000","125300000000","141200000000","148800000000","161000000000","172200000000","181200000000","192500000000","201600000000","207300000000","213900000000","224700000000",
"                        Food and beverage stores ($)",,,,,,,,,,,,,,,,,,,,,,,,,,,,,,,,,,,,,,,,,,,,,,,,,,,,,,,,,,,,,,,,,,,,,"90900000000","98200000000","99700000000","101400000000","109100000000","111200000000","115100000000","117300000000","122500000000","125900000000","124100000000","128100000000","130600000000","131100000000","130000000000","131800000000","135900000000","138800000000","145500000000","148300000000","151900000000","154300000000","160500000000",
"                        General merchandise stores ($)",,,,,,,,,,,,,,,,,,,,,,,,,,,,,,,,,,,,,,,,,,,,,,,,,,,,,,,,,,,,,,,,,,,,,"79800000000","86200000000","89100000000","94600000000","99600000000","102600000000","110100000000","114500000000","121100000000","123900000000","124600000000","128300000000","133100000000","132200000000","134100000000","133400000000","135300000000","138700000000","142600000000","143900000000","146600000000","150100000000","152300000000",
"                        Other retail ($)",,,,,,,,,,,,,,,,,,,,,,,,,,,,,,,,,,,,,,,,,,,,,,,,,,,,,,,,,,,,,,,,,,,,,"290700000000","318800000000","328600000000","350800000000","368100000000","371800000000","394600000000","411000000000","439100000000","459700000000","457800000000","447900000000","438600000000","447000000000","459000000000","482300000000","506000000000","515900000000","539500000000","559000000000","577600000000","597500000000","624700000000",
"                Transportation and warehousing ($)",,,,,,,,,,,,,,,,,,,,,,,,,,,,,,,,,,,,,,,,,,,,,,,,,,,,,,,,,,,,,,,,,,,,,"257300000000","280000000000","290000000000","307800000000","308100000000","305700000000","321400000000","352100000000","375800000000","410400000000","413900000000","426800000000","404600000000","433000000000","451400000000","472000000000","491100000000","521800000000","565800000000","582000000000","607000000000","650700000000","696700000000",
"                    Type of transportation and warehousing",,,,,,,,,,,,,,,,,,,,,,,,,,,,,,,,,,,,,,,,,,,,,,,,,,,,,,,,,,,,,,,,,,,,,,,,,,,,,,,,,,,,,,,,,,,,
"                        Rail transportation ($)",,,,,,,,,,,,,,,,,,,,,,,,,,,,,,,,,,,,,,,,,,,,,,,,,,,,,,,,,,,,,,,,,,,,,"54700000000","55200000000","57700000000","58100000000","49200000000","52000000000","54600000000","60800000000","61700000000","68000000000","73200000000","68700000000","71700000000","84200000000","84600000000","87800000000","94100000000","102900000000","117700000000","129000000000","133500000000","138500000000","147100000000",
"                        Water transportation ($)",,,,,,,,,,,,,,,,,,,,,,,,,,,,,,,,,,,,,,,,,,,,,,,,,,,,,,,,,,,,,,,,,,,,,"20000000000","22200000000","22600000000","23300000000","23300000000","21700000000","23400000000","25200000000","28000000000","32100000000","32400000000","37200000000","32900000000","33700000000","36500000000","39600000000","40800000000","43800000000","44300000000","40000000000","41200000000","44500000000","44900000000",
"                        Truck transportation ($)",,,,,,,,,,,,,,,,,,,,,,,,,,,,,,,,,,,,,,,,,,,,,,,,,,,,,,,,,,,,,,,,,,,,,"6600000000","6500000000","6600000000","8000000000","8300000000","7000000000","8200000000","8600000000","8800000000","12700000000","14200000000","16400000000","15600000000","14600000000","14100000000","13100000000","16400000000","16200000000","15800000000","13500000000","13000000000","14400000000","15000000000",
"                        Transit and ground passenger transportation ($)",,,,,,,,,,,,,,,,,,,,,,,,,,,,,,,,,,,,,,,,,,,,,,,,,,,,,,,,,,,,,,,,,,,,,"77100000000","85600000000","92300000000","98000000000","97200000000","97100000000","101400000000","109100000000","116900000000","125500000000","123700000000","120400000000","109500000000","113400000000","121700000000","128000000000","130800000000","140700000000","149000000000","148700000000","156100000000","166900000000","175000000000",
"                        Pipeline transportation ($)",,,,,,,,,,,,,,,,,,,,,,,,,,,,,,,,,,,,,,,,,,,,,,,,,,,,,,,,,,,,,,,,,,,,,"15100000000","16200000000","17700000000","18500000000","19000000000","19500000000","21400000000","23000000000","23600000000","25900000000","26300000000","28100000000","29400000000","31400000000","34100000000","36300000000","37900000000","40500000000","42200000000","42800000000","45200000000","46100000000","55300000000",
"                        Other transportation and support activities ($)",,,,,,,,,,,,,,,,,,,,,,,,,,,,,,,,,,,,,,,,,,,,,,,,,,,,,,,,,,,,,,,,,,,,,"7000000000","9800000000","10400000000","9400000000","16100000000","10000000000","10300000000","10700000000","9900000000","10700000000","13000000000","16300000000","14600000000","20200000000","21500000000","25200000000","26900000000","30200000000","36800000000","39100000000","40800000000","46100000000","50500000000",
"                        Warehousing and storage ($)",,,,,,,,,,,,,,,,,,,,,,,,,,,,,,,,,,,,,,,,,,,,,,,,,,,,,,,,,,,,,,,,,,,,,"55900000000","59800000000","58100000000","65900000000","69100000000","71700000000","73300000000","80900000000","88800000000","94600000000","89900000000","94400000000","85700000000","90400000000","93900000000","94700000000","96900000000","99900000000","108100000000","110800000000","114900000000","123800000000","133800000000",
"                        Air transportation ($)",,,,,,,,,,,,,,,,,,,,,,,,,,,,,,,,,,,,,,,,,,,,,,,,,,,,,,,,,,,,,,,,,,,,,"21000000000","24800000000","24600000000","26700000000","25800000000","26600000000","28700000000","33600000000","38100000000","40800000000","41300000000","45200000000","45200000000","45100000000","45100000000","47100000000","47200000000","47800000000","51900000000","58000000000","62300000000","70500000000","75000000000",
"                Information ($)",,,,,,,,,,,,,,,,,,,,,,,,,,,,,,,,,,,,,,,,,,,,,,,,,,,,,,,,,,,,,,,,,,,,,"394100000000","434600000000","485000000000","471300000000","502400000000","550600000000","564900000000","620400000000","642300000000","652000000000","706900000000","743000000000","721900000000","753300000000","759800000000","759000000000","828900000000","842400000000","906900000000","968400000000","1005400000000","1059800000000","1127500000000",
"                    Type of information",,,,,,,,,,,,,,,,,,,,,,,,,,,,,,,,,,,,,,,,,,,,,,,,,,,,,,,,,,,,,,,,,,,,,,,,,,,,,,,,,,,,,,,,,,,,
"                        Publishing industries, except internet (includes software) ($)",,,,,,,,,,,,,,,,,,,,,,,,,,,,,,,,,,,,,,,,,,,,,,,,,,,,,,,,,,,,,,,,,,,,,"97200000000","108200000000","139100000000","115900000000","116100000000","136900000000","145600000000","160600000000","172700000000","162200000000","191700000000","189000000000","178500000000","186800000000","194600000000","201400000000","210200000000","217400000000","223600000000","234200000000","250100000000","277800000000","303200000000",
"                        Motion picture and sound recording industries ($)",,,,,,,,,,,,,,,,,,,,,,,,,,,,,,,,,,,,,,,,,,,,,,,,,,,,,,,,,,,,,,,,,,,,,"40300000000","48900000000","60300000000","54200000000","65300000000","71700000000","68500000000","74500000000","63100000000","67500000000","76500000000","79700000000","82300000000","91100000000","84800000000","82400000000","82800000000","82200000000","87600000000","93700000000","93600000000","84100000000","87900000000",
"                        Broadcasting and telecommunications ($)",,,,,,,,,,,,,,,,,,,,,,,,,,,,,,,,,,,,,,,,,,,,,,,,,,,,,,,,,,,,,,,,,,,,,"226300000000","241800000000","256200000000","277000000000","281400000000","280800000000","287600000000","311100000000","334700000000","340300000000","373600000000","391400000000","374800000000","374600000000","366200000000","370400000000","404800000000","393700000000","426100000000","445700000000","443600000000","454500000000","466600000000",
"                        Data processing, internet publishing, and other information services ($)",,,,,,,,,,,,,,,,,,,,,,,,,,,,,,,,,,,,,,,,,,,,,,,,,,,,,,,,,,,,,,,,,,,,,"30300000000","35600000000","29400000000","24300000000","39500000000","61200000000","63100000000","74200000000","71900000000","81900000000","65200000000","82800000000","86300000000","100800000000","114200000000","104800000000","131200000000","149100000000","169600000000","194800000000","218100000000","243400000000","269800000000",
"                Finance, insurance, real estate, rental, and leasing ($)",,,,,,,,,,,,,,,,,,,,,,,,,,,,,,,,,,,,,,,,,,,,,,,,,,,,,,,,,,,,,,,,,,,,,"1612400000000","1710100000000","1837100000000","1974700000000","2128100000000","2217000000000","2295900000000","2389100000000","2606200000000","2743900000000","2848300000000","2762700000000","2867700000000","2943000000000","3045300000000","3261000000000","3322800000000","3548000000000","3749000000000","3946000000000","4116800000000","4371900000000","4541800000000",
"                    Type of finance and real estate",,,,,,,,,,,,,,,,,,,,,,,,,,,,,,,,,,,,,,,,,,,,,,,,,,,,,,,,,,,,,,,,,,,,,,,,,,,,,,,,,,,,,,,,,,,,
"                        Finance and insurance ($)",,,,,,,,,,,,,,,,,,,,,,,,,,,,,,,,,,,,,,,,,,,,,,,,,,,,,,,,,,,,,,,,,,,,,"577200000000","637900000000","675100000000","743100000000","803100000000","816400000000","846300000000","872400000000","973700000000","1034200000000","1030500000000","873200000000","966600000000","1003600000000","1026000000000","1162800000000","1144900000000","1282600000000","1363100000000","1458000000000","1513300000000","1633600000000","1665800000000",
"                            Type of finance and insurance",,,,,,,,,,,,,,,,,,,,,,,,,,,,,,,,,,,,,,,,,,,,,,,,,,,,,,,,,,,,,,,,,,,,,,,,,,,,,,,,,,,,,,,,,,,,
"                                Federal Reserve banks, credit intermediation, and related activities ($)",,,,,,,,,,,,,,,,,,,,,,,,,,,,,,,,,,,,,,,,,,,,,,,,,,,,,,,,,,,,,,,,,,,,,"233100000000","267000000000","303800000000","320300000000","343200000000","385600000000","401400000000","374300000000","408100000000","418900000000","404200000000","409400000000","398900000000","417800000000","455000000000","511400000000","498600000000","547800000000","560800000000","601100000000","625900000000","689000000000","708900000000",
"                                Securities, commodity contracts, and investments ($)",,,,,,,,,,,,,,,,,,,,,,,,,,,,,,,,,,,,,,,,,,,,,,,,,,,,,,,,,,,,,,,,,,,,,"121300000000","121100000000","120000000000","133000000000","182600000000","162600000000","144100000000","154900000000","193800000000","221600000000","198200000000","92200000000","185900000000","196400000000","173700000000","233000000000","249500000000","227900000000","230900000000","267300000000","304300000000","312000000000","312500000000",
"                                Insurance carriers and related activities ($)",,,,,,,,,,,,,,,,,,,,,,,,,,,,,,,,,,,,,,,,,,,,,,,,,,,,,,,,,,,,,,,,,,,,,"215600000000","236700000000","234300000000","274500000000","262000000000","251200000000","280700000000","322200000000","348400000000","372500000000","405700000000","349200000000","365900000000","372800000000","384300000000","405500000000","384300000000","486300000000","554100000000","570900000000","560600000000","603000000000","615000000000",
"                                Funds, trusts, and other financial vehicles ($)",,,,,,,,,,,,,,,,,,,,,,,,,,,,,,,,,,,,,,,,,,,,,,,,,,,,,,,,,,,,,,,,,,,,,"7200000000","13100000000","16900000000","15200000000","15200000000","17000000000","20200000000","21000000000","23400000000","21200000000","22400000000","22400000000","15900000000","16500000000","13000000000","12900000000","12600000000","20600000000","17400000000","18700000000","22500000000","29600000000","29400000000",
"                        Real estate and rental and leasing ($)",,,,,,,,,,,,,,,,,,,,,,,,,,,,,,,,,,,,,,,,,,,,,,,,,,,,,,,,,,,,,,,,,,,,,"1035200000000","1072200000000","1162000000000","1231700000000","1325000000000","1400500000000","1449600000000","1516700000000","1632500000000","1709700000000","1817700000000","1889500000000","1901100000000","1939400000000","2019300000000","2098200000000","2177900000000","2265400000000","2385900000000","2488000000000","2603600000000","2738300000000","2876000000000",
"                            Type of real estate, rental and leasing",,,,,,,,,,,,,,,,,,,,,,,,,,,,,,,,,,,,,,,,,,,,,,,,,,,,,,,,,,,,,,,,,,,,,,,,,,,,,,,,,,,,,,,,,,,,
"                                Real estate ($)",,,,,,,,,,,,,,,,,,,,,,,,,,,,,,,,,,,,,,,,,,,,,,,,,,,,,,,,,,,,,,,,,,,,,"929200000000","959200000000","1034900000000","1095800000000","1176600000000","1254100000000","1307100000000","1377900000000","1489200000000","1541700000000","1653600000000","1711100000000","1738000000000","1779400000000","1856700000000","1925400000000","1995500000000","2075000000000","2180000000000","2267900000000","2377400000000","2488300000000","2614200000000",
"                                    Type of real estate",,,,,,,,,,,,,,,,,,,,,,,,,,,,,,,,,,,,,,,,,,,,,,,,,,,,,,,,,,,,,,,,,,,,,,,,,,,,,,,,,,,,,,,,,,,,
"                                        Housing ($)",,,,,,,,,,,,,,,,,,,,,,,,,,,,,,,,,,,,,,,,,,,,,,,,,,,,,,,,,,,,,,,,,,,,,"769800000000","812300000000","866600000000","921800000000","985800000000","1031900000000","1066700000000","1133000000000","1212900000000","1292200000000","1340900000000","1411700000000","1447100000000","1452200000000","1498500000000","1531100000000","1564900000000","1638900000000","1744000000000","1827200000000","1914300000000","1997200000000","2091500000000",
"                                        Other real estate ($)",,,,,,,,,,,,,,,,,,,,,,,,,,,,,,,,,,,,,,,,,,,,,,,,,,,,,,,,,,,,,,,,,,,,,"159400000000","146900000000","168300000000","174000000000","190800000000","222200000000","240400000000","244900000000","276300000000","249500000000","312700000000","299400000000","290900000000","327300000000","358200000000","394400000000","430500000000","436100000000","436000000000","440700000000","463200000000","491100000000","522700000000",
"                                Rental and leasing services and lessors of intangible assets ($)",,,,,,,,,,,,,,,,,,,,,,,,,,,,,,,,,,,,,,,,,,,,,,,,,,,,,,,,,,,,,,,,,,,,,"106000000000","113000000000","127100000000","135900000000","148400000000","146400000000","142500000000","138800000000","143300000000","168000000000","164100000000","178400000000","163100000000","159900000000","162500000000","172700000000","182400000000","190400000000","205900000000","220100000000","226100000000","250000000000","261800000000",
"                Professional and business services ($)",,,,,,,,,,,,,,,,,,,,,,,,,,,,,,,,,,,,,,,,,,,,,,,,,,,,,,,,,,,,,,,,,,,,,"840600000000","914000000000","997200000000","1105100000000","1155500000000","1189900000000","1247400000000","1341000000000","1446400000000","1546600000000","1666700000000","1777100000000","1688700000000","1766800000000","1856700000000","1964700000000","2017300000000","2118400000000","2236900000000","2304300000000","2431000000000","2572800000000","2710700000000",
"                    Type of professional and business services",,,,,,,,,,,,,,,,,,,,,,,,,,,,,,,,,,,,,,,,,,,,,,,,,,,,,,,,,,,,,,,,,,,,,,,,,,,,,,,,,,,,,,,,,,,,
"                        Professional, scientific, and technical services ($)",,,,,,,,,,,,,,,,,,,,,,,,,,,,,,,,,,,,,,,,,,,,,,,,,,,,,,,,,,,,,,,,,,,,,"499700000000","543100000000","595900000000","651800000000","686800000000","714700000000","741300000000","792400000000","852400000000","917100000000","984900000000","1082100000000","1031300000000","1063900000000","1124600000000","1188500000000","1208500000000","1267600000000","1348600000000","1394100000000","1456700000000","1548900000000","1638400000000",
"                            Type of professional services",,,,,,,,,,,,,,,,,,,,,,,,,,,,,,,,,,,,,,,,,,,,,,,,,,,,,,,,,,,,,,,,,,,,,,,,,,,,,,,,,,,,,,,,,,,,
"                                Legal services ($)",,,,,,,,,,,,,,,,,,,,,,,,,,,,,,,,,,,,,,,,,,,,,,,,,,,,,,,,,,,,,,,,,,,,,"104000000000","113700000000","120700000000","129200000000","140700000000","149200000000","165300000000","180800000000","195200000000","204600000000","217400000000","240600000000","212200000000","204400000000","215500000000","216700000000","218900000000","225500000000","238600000000","251800000000","258000000000","271200000000","279500000000",
"                                Computer systems design and related services ($)",,,,,,,,,,,,,,,,,,,,,,,,,,,,,,,,,,,,,,,,,,,,,,,,,,,,,,,,,,,,,,,,,,,,,"75500000000","89000000000","103000000000","114100000000","118200000000","110200000000","115800000000","122900000000","134900000000","149000000000","167100000000","181300000000","188900000000","202800000000","224500000000","252300000000","254900000000","265900000000","284800000000","304700000000","324800000000","350800000000","376800000000",
"                                Miscellaneous professional, scientific, and technical services ($)",,,,,,,,,,,,,,,,,,,,,,,,,,,,,,,,,,,,,,,,,,,,,,,,,,,,,,,,,,,,,,,,,,,,,"320200000000","340400000000","372300000000","408600000000","427900000000","455300000000","460300000000","488700000000","522300000000","563500000000","600400000000","660200000000","630200000000","656700000000","684600000000","719600000000","734800000000","776200000000","825200000000","837700000000","874000000000","926900000000","982200000000",
"                        Management of companies and enterprises ($)",,,,,,,,,,,,,,,,,,,,,,,,,,,,,,,,,,,,,,,,,,,,,,,,,,,,,,,,,,,,,,,,,,,,,"125500000000","139100000000","148500000000","171100000000","173600000000","175000000000","185600000000","203100000000","214100000000","230500000000","251200000000","256400000000","245000000000","265400000000","278000000000","302200000000","319700000000","332900000000","348000000000","350900000000","372600000000","392300000000","411400000000",
"                        Administrative and waste management services ($)",,,,,,,,,,,,,,,,,,,,,,,,,,,,,,,,,,,,,,,,,,,,,,,,,,,,,,,,,,,,,,,,,,,,,"215400000000","231800000000","252700000000","282100000000","295100000000","300200000000","320500000000","345500000000","379900000000","399100000000","430600000000","438600000000","412400000000","437600000000","454100000000","473900000000","489100000000","517900000000","540400000000","559200000000","601700000000","631600000000","660900000000",
"                            Type of administrative and waste services",,,,,,,,,,,,,,,,,,,,,,,,,,,,,,,,,,,,,,,,,,,,,,,,,,,,,,,,,,,,,,,,,,,,,,,,,,,,,,,,,,,,,,,,,,,,
"                                Administrative and support services ($)",,,,,,,,,,,,,,,,,,,,,,,,,,,,,,,,,,,,,,,,,,,,,,,,,,,,,,,,,,,,,,,,,,,,,"193500000000","209100000000","227700000000","256000000000","266600000000","269800000000","288300000000","313600000000","346300000000","367400000000","395200000000","401600000000","374000000000","389800000000","411700000000","431200000000","445900000000","471800000000","492500000000","511300000000","548200000000","572100000000","598400000000",
"                                Waste management and remediation services ($)",,,,,,,,,,,,,,,,,,,,,,,,,,,,,,,,,,,,,,,,,,,,,,,,,,,,,,,,,,,,,,,,,,,,,"21900000000","22700000000","25000000000","26100000000","28500000000","30400000000","32200000000","31900000000","33600000000","31700000000","35500000000","36900000000","38400000000","47800000000","42400000000","42700000000","43200000000","46200000000","47900000000","47900000000","53600000000","59500000000","62500000000",
"                Educational services, health care, and social assistance ($)",,,,,,,,,,,,,,,,,,,,,,,,,,,,,,,,,,,,,,,,,,,,,,,,,,,,,,,,,,,,,,,,,,,,,"590600000000","615800000000","653900000000","695400000000","749900000000","807000000000","862800000000","927300000000","970500000000","1035500000000","1087900000000","1184800000000","1267500000000","1310700000000","1354700000000","1407400000000","1447200000000","1491900000000","1571000000000","1652000000000","1707200000000","1781900000000","1865400000000",
"                    Type of education, healthcare and social assistance",,,,,,,,,,,,,,,,,,,,,,,,,,,,,,,,,,,,,,,,,,,,,,,,,,,,,,,,,,,,,,,,,,,,,,,,,,,,,,,,,,,,,,,,,,,,
"                        Educational services ($)",,,,,,,,,,,,,,,,,,,,,,,,,,,,,,,,,,,,,,,,,,,,,,,,,,,,,,,,,,,,,,,,,,,,,"77100000000","79900000000","87700000000","95200000000","101700000000","106500000000","116800000000","129100000000","133200000000","142900000000","151500000000","167800000000","188300000000","198900000000","206000000000","213900000000","217500000000","226100000000","233400000000","246100000000","248500000000","258400000000","269900000000",
"                        Health care and social assistance ($)",,,,,,,,,,,,,,,,,,,,,,,,,,,,,,,,,,,,,,,,,,,,,,,,,,,,,,,,,,,,,,,,,,,,,"513500000000","535800000000","566300000000","600200000000","648200000000","700500000000","746000000000","798300000000","837300000000","892500000000","936400000000","1017000000000","1079200000000","1111800000000","1148700000000","1193500000000","1229700000000","1265800000000","1337600000000","1405800000000","1458800000000","1523500000000","1595600000000",
"                            Type of healthcare and social assistance",,,,,,,,,,,,,,,,,,,,,,,,,,,,,,,,,,,,,,,,,,,,,,,,,,,,,,,,,,,,,,,,,,,,,,,,,,,,,,,,,,,,,,,,,,,,
"                                Ambulatory health care services ($)",,,,,,,,,,,,,,,,,,,,,,,,,,,,,,,,,,,,,,,,,,,,,,,,,,,,,,,,,,,,,,,,,,,,,"250900000000","258600000000","271200000000","288400000000","311000000000","334100000000","350500000000","375200000000","397000000000","423100000000","442300000000","480900000000","507400000000","531600000000","554900000000","573500000000","593500000000","611300000000","644200000000","682400000000","711700000000","742900000000","778800000000",
"                                Hospitals ($)",,,,,,,,,,,,,,,,,,,,,,,,,,,,,,,,,,,,,,,,,,,,,,,,,,,,,,,,,,,,,,,,,,,,,"165200000000","173100000000","182300000000","190100000000","206900000000","225900000000","244900000000","265200000000","275000000000","294800000000","310800000000","339900000000","367600000000","369800000000","382000000000","398100000000","405700000000","416100000000","443700000000","460900000000","475400000000","494500000000","514600000000",
"                                Nursing and residential care facilities ($)",,,,,,,,,,,,,,,,,,,,,,,,,,,,,,,,,,,,,,,,,,,,,,,,,,,,,,,,,,,,,,,,,,,,,"57900000000","61100000000","64900000000","69100000000","74500000000","80800000000","85600000000","90200000000","92800000000","97700000000","102500000000","110600000000","116500000000","120700000000","123200000000","125900000000","129100000000","132500000000","137600000000","143000000000","145800000000","152300000000","158000000000",
"                                Social assistance ($)",,,,,,,,,,,,,,,,,,,,,,,,,,,,,,,,,,,,,,,,,,,,,,,,,,,,,,,,,,,,,,,,,,,,,"39500000000","43000000000","47900000000","52600000000","55800000000","59700000000","65100000000","67700000000","72400000000","76900000000","80800000000","85700000000","87800000000","89700000000","88600000000","96000000000","101400000000","105900000000","112100000000","119500000000","125800000000","133800000000","144200000000",
"                Arts, entertainment, recreation, accommodation, and food services ($)",,,,,,,,,,,,,,,,,,,,,,,,,,,,,,,,,,,,,,,,,,,,,,,,,,,,,,,,,,,,,,,,,,,,,"301800000000","322100000000","354100000000","386500000000","390700000000","413500000000","432100000000","461200000000","481200000000","511500000000","533500000000","542700000000","533300000000","555800000000","580900000000","621400000000","651300000000","691400000000","746800000000","788200000000","824500000000","866700000000","907200000000",
"                    Type of arts, entertainment, recreation, accommodations and food service",,,,,,,,,,,,,,,,,,,,,,,,,,,,,,,,,,,,,,,,,,,,,,,,,,,,,,,,,,,,,,,,,,,,,,,,,,,,,,,,,,,,,,,,,,,,
"                        Arts, entertainment, and recreation ($)",,,,,,,,,,,,,,,,,,,,,,,,,,,,,,,,,,,,,,,,,,,,,,,,,,,,,,,,,,,,,,,,,,,,,"80100000000","82800000000","90400000000","99000000000","96700000000","103800000000","111000000000","117900000000","122200000000","130500000000","137400000000","143200000000","144600000000","152200000000","158300000000","171200000000","177400000000","189100000000","193500000000","207000000000","216300000000","228700000000","238600000000",
"                            Type of arts, entertainment, recreation",,,,,,,,,,,,,,,,,,,,,,,,,,,,,,,,,,,,,,,,,,,,,,,,,,,,,,,,,,,,,,,,,,,,,,,,,,,,,,,,,,,,,,,,,,,,
"                                Performing arts, spectator sports, museums, and related activities ($)",,,,,,,,,,,,,,,,,,,,,,,,,,,,,,,,,,,,,,,,,,,,,,,,,,,,,,,,,,,,,,,,,,,,,"37200000000","40600000000","44500000000","49300000000","51800000000","56900000000","62000000000","65100000000","67100000000","73500000000","75600000000","81500000000","84900000000","87700000000","92700000000","101300000000","104300000000","112400000000","112800000000","122100000000","129200000000","137400000000","143600000000",
"                                Amusements, gambling, and recreation industries ($)",,,,,,,,,,,,,,,,,,,,,,,,,,,,,,,,,,,,,,,,,,,,,,,,,,,,,,,,,,,,,,,,,,,,,"43000000000","42200000000","45900000000","49700000000","44900000000","46800000000","49100000000","52800000000","55100000000","57000000000","61800000000","61700000000","59800000000","64500000000","65600000000","69900000000","73100000000","76700000000","80600000000","84900000000","87100000000","91300000000","95100000000",
"                        Accommodation and food services ($)",,,,,,,,,,,,,,,,,,,,,,,,,,,,,,,,,,,,,,,,,,,,,,,,,,,,,,,,,,,,,,,,,,,,,"221600000000","239200000000","263700000000","287500000000","294000000000","309700000000","321100000000","343300000000","359000000000","381100000000","396100000000","399500000000","388600000000","403500000000","422600000000","450100000000","473900000000","502200000000","553300000000","581300000000","608100000000","638000000000","668600000000",
"                            Type of accommodations and food service",,,,,,,,,,,,,,,,,,,,,,,,,,,,,,,,,,,,,,,,,,,,,,,,,,,,,,,,,,,,,,,,,,,,,,,,,,,,,,,,,,,,,,,,,,,,
"                                Accommodation ($)",,,,,,,,,,,,,,,,,,,,,,,,,,,,,,,,,,,,,,,,,,,,,,,,,,,,,,,,,,,,,,,,,,,,,"70700000000","75700000000","84200000000","93300000000","90100000000","92700000000","94200000000","102400000000","108900000000","116000000000","124500000000","123500000000","107400000000","112100000000","121800000000","128600000000","136700000000","143000000000","157500000000","160000000000","167200000000","177700000000","187000000000",
"                                Food services and drinking places ($)",,,,,,,,,,,,,,,,,,,,,,,,,,,,,,,,,,,,,,,,,,,,,,,,,,,,,,,,,,,,,,,,,,,,,"150900000000","163600000000","179500000000","194200000000","203900000000","217100000000","226900000000","240900000000","250100000000","265100000000","271600000000","276100000000","281200000000","291500000000","300800000000","321500000000","337300000000","359200000000","395800000000","421200000000","440900000000","460300000000","481600000000",
"                Other services, except government ($)",,,,,,,,,,,,,,,,,,,,,,,,,,,,,,,,,,,,,,,,,,,,,,,,,,,,,,,,,,,,,,,,,,,,,"230300000000","248700000000","260800000000","279700000000","265600000000","284900000000","283800000000","297300000000","310700000000","325000000000","330500000000","330300000000","326500000000","328000000000","333100000000","348000000000","356300000000","376600000000","391600000000","399900000000","414300000000","437900000000","461300000000",
"        Government ($)",,,,,,,,,,,,,,,,,,,,,,,,,,,,,,,,,,,,,,,,,,,,,,,,,,,,,,,,,,,,,,,,,,,,,"1145600000000","1191300000000","1252300000000","1323000000000","1392900000000","1474400000000","1552300000000","1631300000000","1710300000000","1792000000000","1887100000000","1981600000000","2045100000000","2108000000000","2137100000000","2159500000000","2212500000000","2271400000000","2339400000000","2384900000000","2448700000000","2549700000000","2639500000000",
"            By jurisdiction",,,,,,,,,,,,,,,,,,,,,,,,,,,,,,,,,,,,,,,,,,,,,,,,,,,,,,,,,,,,,,,,,,,,,,,,,,,,,,,,,,,,,,,,,,,,
"                Federal ($)",,,,,,,,,,,,,,,,,,,,,,,,,,,,,,,,,,,,,,,,,,,,,,,,,,,,,,,,,,,,,,,,,,,,,"390700000000","396400000000","406000000000","423500000000","430400000000","462500000000","498900000000","525500000000","551300000000","575500000000","601900000000","632200000000","663300000000","697400000000","712300000000","713900000000","703800000000","715800000000","731300000000","743500000000","762500000000","789900000000","813500000000",
"                    Type of federal government",,,,,,,,,,,,,,,,,,,,,,,,,,,,,,,,,,,,,,,,,,,,,,,,,,,,,,,,,,,,,,,,,,,,,,,,,,,,,,,,,,,,,,,,,,,,
"                        General government ($)",,,,,,,,,,,,,,,,,,,,,,,,,,,,,,,,,,,,,,,,,,,,,,,,,,,,,,,,,,,,,,,,,,,,,"333500000000","336800000000","345000000000","360300000000","370300000000","397800000000","434700000000","459400000000","488400000000","509900000000","535700000000","569100000000","603000000000","640000000000","659800000000","663700000000","658400000000","666800000000","673700000000","684600000000","700300000000","726700000000","751200000000",
"                            Type of general federal government",,,,,,,,,,,,,,,,,,,,,,,,,,,,,,,,,,,,,,,,,,,,,,,,,,,,,,,,,,,,,,,,,,,,,,,,,,,,,,,,,,,,,,,,,,,,
"                                National defense ($)",,,,,,,,,,,,,,,,,,,,,,,,,,,,,,,,,,,,,,,,,,,,,,,,,,,,,,,,,,,,,,,,,,,,,"211800000000","210400000000","212000000000","217600000000","223000000000","239700000000","264300000000","281000000000","301200000000","315100000000","331100000000","352600000000","372700000000","393500000000","407100000000","407600000000","400100000000","400000000000","398400000000","399500000000","404500000000","419000000000","433400000000",
"                                Nondefense ($)",,,,,,,,,,,,,,,,,,,,,,,,,,,,,,,,,,,,,,,,,,,,,,,,,,,,,,,,,,,,,,,,,,,,,"121700000000","126400000000","133000000000","142700000000","147300000000","158100000000","170400000000","178400000000","187200000000","194800000000","204600000000","216400000000","230300000000","246500000000","252600000000","256100000000","258300000000","266800000000","275300000000","285000000000","295800000000","307800000000","317700000000",
"                        Government enterprises ($)",,,,,,,,,,,,,,,,,,,,,,,,,,,,,,,,,,,,,,,,,,,,,,,,,,,,,,,,,,,,,,,,,,,,,"57200000000","59600000000","61000000000","63200000000","60200000000","64600000000","64200000000","66100000000","62900000000","65700000000","66100000000","63200000000","60300000000","57500000000","52500000000","50200000000","45400000000","49000000000","57600000000","59000000000","62200000000","63100000000","62400000000",
"                State and local ($)",,,,,,,,,,,,,,,,,,,,,,,,,,,,,,,,,,,,,,,,,,,,,,,,,,,,,,,,,,,,,,,,,,,,,"754800000000","794900000000","846400000000","899500000000","962500000000","1011900000000","1053500000000","1105800000000","1159000000000","1216400000000","1285200000000","1349400000000","1381700000000","1410500000000","1424800000000","1445600000000","1508700000000","1555500000000","1608200000000","1641400000000","1686300000000","1759800000000","1826000000000",
"                    Type of state government",,,,,,,,,,,,,,,,,,,,,,,,,,,,,,,,,,,,,,,,,,,,,,,,,,,,,,,,,,,,,,,,,,,,,,,,,,,,,,,,,,,,,,,,,,,,
"                        General government ($)",,,,,,,,,,,,,,,,,,,,,,,,,,,,,,,,,,,,,,,,,,,,,,,,,,,,,,,,,,,,,,,,,,,,,"689300000000","726200000000","773100000000","824000000000","882300000000","930600000000","970100000000","1019300000000","1067000000000","1122100000000","1191200000000","1252100000000","1280500000000","1306100000000","1313100000000","1325500000000","1380900000000","1421100000000","1467300000000","1499100000000","1541000000000","1606600000000","1665900000000",
"                        Government enterprises ($)",,,,,,,,,,,,,,,,,,,,,,,,,,,,,,,,,,,,,,,,,,,,,,,,,,,,,,,,,,,,,,,,,,,,,"65500000000","68700000000","73200000000","75500000000","80200000000","81300000000","83300000000","86500000000","92000000000","94400000000","94000000000","97300000000","101200000000","104400000000","111700000000","120100000000","127800000000","134400000000","140800000000","142200000000","145200000000","153200000000","160000000000",
"    By component",,,,,,,,,,,,,,,,,,,,,,,,,,,,,,,,,,,,,,,,,,,,,,,,,,,,,,,,,,,,,,,,,,,,,,,,,,,,,,,,,,,,,,,,,,,,
"        Personal consumption expenditures ($)","77400000000","70100000000","60700000000","48700000000","45900000000","51500000000","55900000000","62200000000","66800000000","64300000000","67200000000","71300000000","81100000000","89000000000","99900000000","108600000000","120000000000","144200000000","161900000000","174900000000","178300000000","192000000000","208300000000","219300000000","232700000000","239600000000","258300000000","271100000000","286300000000","295600000000","317100000000","331200000000","341500000000","362600000000","382000000000","410600000000","443000000000","479900000000","506700000000","556900000000","603600000000","646700000000","699900000000","768200000000","849600000000","930200000000","1030500000000","1147700000000","1274000000000","1422300000000","1585400000000","1750700000000","1934000000000","2071300000000","2281600000000","2492300000000","2712800000000","2886300000000","3076300000000","3330000000000","3576800000000","3809000000000","3943400000000","4197600000000","4452000000000","4721000000000","4962600000000","5244600000000","5536800000000","5877200000000","6279100000000","6762100000000","7065600000000","7342700000000","7723100000000","8212700000000","8747100000000","9260300000000","9706400000000","9976300000000","9842200000000","10185800000000","10641100000000","11006800000000","11317200000000","11822800000000","12297500000000","12770000000000","13340400000000","13993300000000","14544600000000","14147400000000"
"            By consumption type",,,,,,,,,,,,,,,,,,,,,,,,,,,,,,,,,,,,,,,,,,,,,,,,,,,,,,,,,,,,,,,,,,,,,,,,,,,,,,,,,,,,,,,,,,,,
"                Goods ($)","43800000000","38200000000","31700000000","24100000000","23800000000","28500000000","31600000000","36000000000","38400000000","36000000000","37900000000","40600000000","47400000000","51000000000","56300000000","60500000000","67600000000","86200000000","99400000000","107400000000","108100000000","116800000000","124700000000","128800000000","134800000000","135800000000","147400000000","152200000000","159600000000","161600000000","172600000000","177000000000","178800000000","189000000000","198200000000","212300000000","229700000000","249600000000","259000000000","284600000000","304700000000","318800000000","342100000000","373800000000","416600000000","451500000000","491300000000","546300000000","600400000000","663600000000","737900000000","799800000000","869400000000","899300000000","973800000000","1063700000000","1137600000000","1195600000000","1256300000000","1337300000000","1423800000000","1491300000000","1497400000000","1563300000000","1642300000000","1746600000000","1815500000000","1917700000000","2006500000000","2108400000000","2287100000000","2453200000000","2525600000000","2598800000000","2722600000000","2902000000000","3082900000000","3239700000000","3367000000000","3363200000000","3180000000000","3317800000000","3518100000000","3637700000000","3730000000000","3863000000000","3923000000000","3998400000000","4172300000000","4371900000000","4512200000000","4660800000000"
"                    By good",,,,,,,,,,,,,,,,,,,,,,,,,,,,,,,,,,,,,,,,,,,,,,,,,,,,,,,,,,,,,,,,,,,,,,,,,,,,,,,,,,,,,,,,,,,,
"                        Durable goods ($)","9800000000","7700000000","5900000000","4000000000","3800000000","4600000000","5500000000","6700000000","7400000000","6100000000","7200000000","8300000000","10300000000","7600000000","7500000000","7700000000","9100000000","17100000000","21800000000","24500000000","26600000000","32400000000","31700000000","31200000000","34600000000","33700000000","40700000000","40200000000","42000000000","39500000000","44900000000","45600000000","44200000000","49500000000","54200000000","59600000000","66400000000","71700000000","74000000000","84800000000","90500000000","90000000000","102400000000","116400000000","130500000000","130200000000","142200000000","168600000000","192000000000","213300000000","226300000000","226400000000","243900000000","253000000000","295000000000","342200000000","380400000000","421400000000","442000000000","475100000000","494300000000","497100000000","477200000000","508100000000","551500000000","607200000000","635700000000","676300000000","715500000000","779300000000","855600000000","912600000000","941500000000","985400000000","1017800000000","1080600000000","1128600000000","1158300000000","1188000000000","1098800000000","1012100000000","1049000000000","1093500000000","1144200000000","1189400000000","1242100000000","1307600000000","1350200000000","1410700000000","1481600000000","1534400000000","1620100000000"
"                        Nondurable goods ($)","33900000000","30500000000","25800000000","20200000000","20000000000","23900000000","26100000000","29200000000","31000000000","29900000000","30800000000","32300000000","37200000000","43400000000","48900000000","52800000000","58500000000","69100000000","77600000000","83000000000","81500000000","84400000000","93000000000","97500000000","100200000000","102100000000","106700000000","112000000000","117600000000","122000000000","127700000000","131400000000","134600000000","139500000000","143900000000","152700000000","163300000000","177900000000","185000000000","199800000000","214200000000","228800000000","239700000000","257400000000","286100000000","321400000000","349200000000","377700000000","408400000000","450200000000","511600000000","573400000000","625400000000","646300000000","678800000000","721500000000","757200000000","774200000000","814300000000","862300000000","929500000000","994200000000","1020300000000","1055200000000","1090800000000","1139400000000","1179800000000","1241400000000","1291000000000","1329100000000","1431500000000","1540600000000","1584100000000","1613400000000","1704800000000","1821400000000","1954300000000","2081300000000","2179000000000","2264500000000","2167900000000","2268900000000","2424600000000","2493500000000","2540600000000","2620900000000","2615400000000","2648100000000","2761600000000","2890300000000","2977900000000","3040800000000"
"                Services ($)","33600000000","32000000000","29000000000","24600000000","22200000000","23000000000","24300000000","26200000000","28500000000","28300000000","29300000000","30700000000","33600000000","38000000000","43600000000","48100000000","52400000000","58000000000","62400000000","67500000000","70300000000","75200000000","83600000000","90500000000","97900000000","103800000000","110900000000","119000000000","126700000000","134000000000","144500000000","154200000000","162700000000","173600000000","183900000000","198400000000","213300000000","230300000000","247700000000","272200000000","299000000000","327900000000","357800000000","394300000000","432900000000","478600000000","539200000000","601400000000","673600000000","758700000000","847500000000","950900000000","1064600000000","1172000000000","1307800000000","1428600000000","1575200000000","1690700000000","1820000000000","1992700000000","2153000000000","2317700000000","2446000000000","2634300000000","2809600000000","2974400000000","3147100000000","3326900000000","3530300000000","3768800000000","3992000000000","4309000000000","4540000000000","4743900000000","5000500000000","5310600000000","5664200000000","6020700000000","6339400000000","6613100000000","6662200000000","6868000000000","7123000000000","7369100000000","7587200000000","7959800000000","8374500000000","8771600000000","9168100000000","9621400000000","10032400000000","9486600000000"
"        Gross private domestic investment ($)","17200000000","11400000000","6500000000","1800000000","2300000000","4300000000","7400000000","9400000000","13000000000","7900000000","10200000000","14600000000","19400000000","11800000000","7400000000","9200000000","12400000000","33100000000","37100000000","50300000000","39100000000","56500000000","62800000000","57300000000","60400000000","58100000000","73800000000","77700000000","76500000000","70900000000","85700000000","86500000000","86600000000","97000000000","103300000000","112200000000","129600000000","144200000000","142700000000","156900000000","173600000000","170000000000","196800000000","228100000000","266900000000","274500000000","257300000000","323200000000","396600000000","478400000000","539700000000","530100000000","631200000000","581000000000","637500000000","820100000000","829700000000","849100000000","892200000000","937000000000","999700000000","993400000000","944300000000","1013000000000","1106800000000","1256500000000","1317500000000","1432100000000","1595600000000","1736700000000","1887100000000","2038400000000","1934800000000","1930400000000","2027100000000","2281300000000","2534700000000","2701000000000","2673000000000","2477600000000","1929700000000","2165500000000","2332600000000","2621800000000","2826000000000","3044200000000","3237200000000","3188300000000","3351100000000","3632900000000","3751200000000","3600400000000"
"            By investment type",,,,,,,,,,,,,,,,,,,,,,,,,,,,,,,,,,,,,,,,,,,,,,,,,,,,,,,,,,,,,,,,,,,,,,,,,,,,,,,,,,,,,,,,,,,,
"                Fixed investment ($)","15600000000","11700000000","7700000000","4200000000","3700000000","4900000000","6200000000","8200000000","10300000000","8500000000","10000000000","12200000000","15000000000","9900000000","8200000000","10100000000","13900000000","27100000000","37700000000","44700000000","41800000000","50800000000","52800000000","53800000000","58500000000","60000000000","68800000000","73700000000","75700000000","71300000000","81800000000","83200000000","83600000000","90900000000","97700000000","107300000000","120400000000","130600000000","132800000000","147900000000","164400000000","168000000000","188600000000","219000000000","251000000000","260500000000","263500000000","306100000000","374300000000","452600000000","521700000000","536400000000","601400000000","595900000000","643300000000","754700000000","807800000000","842600000000","865000000000","918500000000","972000000000","978900000000","944700000000","996700000000","1086000000000","1192700000000","1286300000000","1401300000000","1524700000000","1673000000000","1826200000000","1983900000000","1973100000000","1910400000000","2013000000000","2217200000000","2477200000000","2632000000000","2639100000000","2506900000000","2080400000000","2111600000000","2286300000000","2550500000000","2721500000000","2960200000000","3100400000000","3160000000000","3334800000000","3575100000000","3702100000000","3677300000000"
"                    By fixed investment",,,,,,,,,,,,,,,,,,,,,,,,,,,,,,,,,,,,,,,,,,,,,,,,,,,,,,,,,,,,,,,,,,,,,,,,,,,,,,,,,,,,,,,,,,,,
"                        Nonresidential ($)","11600000000","9200000000","5800000000","3300000000","3000000000","3800000000","4800000000","6400000000","8200000000","6300000000","6900000000","8500000000","10800000000","7500000000","6600000000","8600000000","12100000000","19200000000","25500000000","28900000000","27000000000","30000000000","34200000000","34900000000","38800000000","38600000000","43400000000","49700000000","53100000000","48500000000","53100000000","56400000000","56600000000","61200000000","64800000000","72200000000","85200000000","97200000000","99200000000","107700000000","120000000000","124600000000","130400000000","146600000000","172700000000","191100000000","196800000000","219300000000","259100000000","314600000000","373800000000","406900000000","472900000000","485100000000","482200000000","564300000000","607800000000","607800000000","615200000000","662300000000","716000000000","739200000000","723600000000","741900000000","799200000000","868900000000","962200000000","1043200000000","1149100000000","1254100000000","1364500000000","1498400000000","1460100000000","1352800000000","1375900000000","1467400000000","1621000000000","1793800000000","1948600000000","1990900000000","1690400000000","1735000000000","1907500000000","2118500000000","2211500000000","2400100000000","2466600000000","2460500000000","2574500000000","2776700000000","2895000000000","2793800000000"
"                            By nonresidential type",,,,,,,,,,,,,,,,,,,,,,,,,,,,,,,,,,,,,,,,,,,,,,,,,,,,,,,,,,,,,,,,,,,,,,,,,,,,,,,,,,,,,,,,,,,,
"                                Structures ($)","5500000000","4400000000","2600000000","1400000000","1100000000","1200000000","1400000000","1900000000","2700000000","2100000000","2200000000","2600000000","3300000000","2200000000","1800000000","2400000000","3300000000","7400000000","8100000000","9500000000","9200000000","10000000000","12000000000","12200000000","13600000000","13900000000","15200000000","18200000000","19000000000","17600000000","18100000000","19600000000","19700000000","20800000000","21200000000","23700000000","28300000000","31300000000","31500000000","33600000000","37700000000","40300000000","42700000000","47200000000","55000000000","61200000000","61400000000","65900000000","74600000000","93600000000","117700000000","136200000000","167300000000","177600000000","154300000000","177400000000","194500000000","176500000000","174200000000","182800000000","193700000000","202900000000","183600000000","172600000000","177200000000","186800000000","207300000000","224600000000","250300000000","276000000000","285700000000","321000000000","333500000000","287000000000","286600000000","307700000000","353000000000","425200000000","510300000000","571100000000","455800000000","379800000000","404500000000","479400000000","492500000000","577600000000","584400000000","560300000000","599100000000","631400000000","650200000000","587900000000"
"                                Equipment ($)","5500000000","4200000000","2600000000","1500000000","1400000000","2100000000","2800000000","3900000000","4800000000","3400000000","3900000000","5200000000","6400000000","4100000000","3700000000","5000000000","7300000000","9900000000","15300000000","17300000000","15700000000","17800000000","19900000000","19700000000","21500000000","20800000000","23900000000","26300000000","28600000000","24900000000","28300000000","29700000000","28900000000","32100000000","34400000000","38700000000","45800000000","53000000000","53700000000","58500000000","65200000000","66400000000","69100000000","78900000000","95100000000","104300000000","107600000000","121200000000","148700000000","180600000000","208100000000","216400000000","240900000000","234900000000","246500000000","291900000000","307900000000","317700000000","320900000000","346800000000","372200000000","371900000000","360800000000","381700000000","425100000000","476400000000","528100000000","565300000000","610900000000","660000000000","713600000000","766100000000","711500000000","659600000000","670600000000","721900000000","794900000000","862300000000","893400000000","845400000000","670300000000","777000000000","881300000000","983400000000","1027000000000","1091900000000","1119500000000","1088600000000","1122200000000","1213400000000","1241000000000","1176600000000"
"                                Intellectual property products ($)","600000000","600000000","500000000","400000000","400000000","500000000","600000000","600000000","700000000","800000000","800000000","800000000","1100000000","1200000000","1100000000","1200000000","1400000000","1800000000","2000000000","2100000000","2000000000","2300000000","2400000000","3000000000","3700000000","3900000000","4300000000","5200000000","5600000000","6000000000","6600000000","7100000000","8000000000","8400000000","9200000000","9800000000","11100000000","12800000000","14000000000","15600000000","17200000000","17900000000","18700000000","20600000000","22700000000","25500000000","27800000000","32200000000","35800000000","40400000000","48100000000","54400000000","64800000000","72700000000","81300000000","95000000000","105300000000","113500000000","120100000000","132700000000","150100000000","164400000000","179100000000","187700000000","196900000000","205700000000","226800000000","253300000000","288000000000","318100000000","365100000000","411300000000","415000000000","406200000000","418700000000","437800000000","473100000000","506300000000","544800000000","574400000000","564400000000","578200000000","621700000000","655700000000","691900000000","730500000000","762700000000","811700000000","853200000000","931800000000","1003800000000","1029300000000"
"                        Residential ($)","4100000000","2500000000","1900000000","900000000","700000000","1000000000","1400000000","1800000000","2200000000","2200000000","3200000000","3600000000","4200000000","2400000000","1600000000","1500000000","1800000000","8000000000","12200000000","15800000000","14800000000","20700000000","18700000000","18900000000","19700000000","21400000000","25400000000","24000000000","22600000000","22800000000","28600000000","26900000000","27000000000","29600000000","32900000000","35100000000","35200000000","33400000000","33600000000","40200000000","44400000000","43400000000","58200000000","72400000000","78300000000","69500000000","66700000000","86800000000","115200000000","138000000000","147800000000","129500000000","128500000000","110800000000","161100000000","190400000000","200100000000","234800000000","249800000000","256200000000","256000000000","239700000000","221200000000","254700000000","286800000000","323800000000","324100000000","358100000000","375600000000","418800000000","461800000000","485400000000","513100000000","557600000000","637100000000","749800000000","856200000000","838200000000","690500000000","516000000000","390000000000","376600000000","378800000000","432000000000","510000000000","560200000000","633800000000","699500000000","760300000000","798500000000","807100000000","883500000000"
"                Change in private inventories ($)","1500000000","-200000000","-1100000000","-2400000000","-1400000000","-600000000","1100000000","1200000000","2600000000","-600000000","200000000","2400000000","4300000000","1900000000","-700000000","-900000000","-1500000000","6000000000","-600000000","5700000000","-2700000000","5800000000","9900000000","3500000000","1900000000","-1900000000","5000000000","4000000000","800000000","-400000000","3900000000","3200000000","3000000000","6100000000","5600000000","4800000000","9200000000","13600000000","9900000000","9100000000","9200000000","2000000000","8300000000","9100000000","15900000000","14000000000","-6300000000","17100000000","22300000000","25800000000","18000000000","-6300000000","29800000000","-14900000000","-5800000000","65400000000","21800000000","6600000000","27100000000","18500000000","27700000000","14500000000","-400000000","16300000000","20800000000","63800000000","31200000000","30800000000","70900000000","63700000000","60800000000","54500000000","-38300000000","20000000000","14100000000","64100000000","57500000000","69000000000","34000000000","-29200000000","-150800000000","53900000000","46300000000","71200000000","104500000000","84000000000","136800000000","28400000000","16300000000","57700000000","49100000000","-77000000000"
"        Net exports of goods and services ($)","400000000","300000000","0","0","100000000","300000000","-200000000","-100000000","100000000","1000000000","800000000","1500000000","1000000000","-300000000","-2200000000","-2000000000","-800000000","7200000000","10800000000","5500000000","5200000000","700000000","2500000000","1200000000","-700000000","400000000","500000000","2400000000","4100000000","500000000","400000000","4200000000","4900000000","4100000000","4900000000","6900000000","5600000000","3900000000","3600000000","1400000000","1400000000","3900000000","600000000","-3400000000","4100000000","-800000000","16000000000","-1600000000","-23100000000","-25400000000","-22500000000","-13100000000","-12500000000","-20000000000","-51600000000","-102700000000","-114000000000","-131900000000","-144800000000","-109400000000","-86700000000","-77900000000","-28600000000","-34700000000","-65200000000","-92500000000","-89800000000","-96400000000","-102000000000","-162700000000","-255800000000","-375100000000","-367900000000","-425400000000","-503100000000","-619100000000","-721200000000","-770900000000","-718400000000","-723100000000","-396500000000","-513900000000","-579500000000","-568600000000","-490800000000","-507700000000","-526600000000","-512500000000","-555500000000","-609500000000","-610500000000","-645200000000"
"            By trade type",,,,,,,,,,,,,,,,,,,,,,,,,,,,,,,,,,,,,,,,,,,,,,,,,,,,,,,,,,,,,,,,,,,,,,,,,,,,,,,,,,,,,,,,,,,,
"                Exports ($)","5900000000","4400000000","2900000000","2000000000","2000000000","2600000000","2800000000","3000000000","4000000000","3800000000","4000000000","4900000000","5500000000","4400000000","4000000000","4900000000","6800000000","14200000000","18700000000","15500000000","14500000000","12400000000","17100000000","16500000000","15300000000","15800000000","17700000000","21300000000","24000000000","20600000000","22700000000","27000000000","27600000000","29100000000","31100000000","35000000000","37100000000","40900000000","43500000000","47900000000","51900000000","59700000000","63000000000","70800000000","95300000000","126700000000","138700000000","149500000000","159300000000","186900000000","230100000000","280800000000","305200000000","283200000000","277000000000","302400000000","303200000000","321000000000","363900000000","444600000000","504300000000","551900000000","594900000000","633100000000","654800000000","720900000000","812800000000","867600000000","953800000000","953000000000","992800000000","1096300000000","1024600000000","998700000000","1036200000000","1177600000000","1305200000000","1472600000000","1660900000000","1837100000000","1582000000000","1846300000000","2103000000000","2191300000000","2273400000000","2371700000000","2265900000000","2227200000000","2374600000000","2528700000000","2514800000000","2126400000000"
"                    By export",,,,,,,,,,,,,,,,,,,,,,,,,,,,,,,,,,,,,,,,,,,,,,,,,,,,,,,,,,,,,,,,,,,,,,,,,,,,,,,,,,,,,,,,,,,,
"                        Goods ($)","5300000000","3900000000","2500000000","1700000000","1700000000","2200000000","2400000000","2600000000","3500000000","3200000000","3300000000","4100000000","4500000000","3400000000","2900000000","3600000000","5400000000","11800000000","16100000000","13300000000","12200000000","10200000000","14200000000","13400000000","12400000000","12900000000","14400000000","17600000000","19600000000","16400000000","16500000000","20500000000","20900000000","21700000000","23300000000","26800000000","28000000000","31100000000","32500000000","35700000000","38700000000","45000000000","46200000000","52600000000","75800000000","103500000000","112500000000","121500000000","128400000000","149900000000","187300000000","230400000000","245200000000","222600000000","214000000000","231300000000","227500000000","231400000000","265600000000","332100000000","374800000000","403300000000","430100000000","455300000000","467700000000","518400000000","592400000000","628800000000","699900000000","692600000000","711700000000","795900000000","741200000000","709000000000","737100000000","830000000000","921900000000","1044900000000","1161300000000","1292500000000","1058400000000","1272400000000","1462300000000","1521600000000","1559200000000","1615000000000","1494600000000","1444000000000","1541800000000","1663900000000","1636700000000","1417600000000"
"                        Services ($)","600000000","500000000","400000000","300000000","300000000","300000000","400000000","400000000","600000000","600000000","600000000","800000000","900000000","1000000000","1100000000","1300000000","1400000000","2400000000","2600000000","2300000000","2300000000","2100000000","2900000000","3000000000","2900000000","2900000000","3300000000","3700000000","4500000000","4100000000","6300000000","6600000000","6700000000","7400000000","7700000000","8300000000","9200000000","9800000000","10900000000","12200000000","13200000000","14700000000","16800000000","18300000000","19500000000","23200000000","26200000000","28000000000","30900000000","37000000000","42900000000","50300000000","60000000000","60700000000","62900000000","71100000000","75700000000","89600000000","98400000000","112500000000","129500000000","148600000000","164800000000","177700000000","187100000000","202600000000","220400000000","238800000000","253900000000","260400000000","281100000000","300300000000","283400000000","289700000000","299100000000","347700000000","383300000000","427700000000","499600000000","544500000000","523600000000","573800000000","640700000000","669700000000","714200000000","756700000000","771300000000","783200000000","832800000000","864800000000","878000000000","708800000000"
"                Imports ($)","5600000000","4100000000","2900000000","1900000000","1900000000","2200000000","3000000000","3200000000","4000000000","2800000000","3100000000","3400000000","4400000000","4600000000","6300000000","6900000000","7500000000","7000000000","7900000000","10100000000","9200000000","11600000000","14600000000","15300000000","16000000000","15400000000","17200000000","18900000000","19900000000","20000000000","22300000000","22800000000","22700000000","25000000000","26100000000","28100000000","31500000000","37100000000","39900000000","46600000000","50500000000","55800000000","62300000000","74200000000","91200000000","127500000000","122700000000","151100000000","182400000000","212300000000","252700000000","293800000000","317800000000","303200000000","328600000000","405100000000","417200000000","452900000000","508700000000","554000000000","591000000000","629700000000","623500000000","667800000000","720000000000","813400000000","902600000000","964000000000","1055800000000","1115700000000","1248600000000","1471300000000","1392600000000","1424100000000","1539300000000","1796700000000","2026400000000","2243500000000","2379300000000","2560100000000","1978400000000","2360200000000","2682500000000","2759900000000","2764200000000","2879400000000","2792400000000","2739700000000","2930100000000","3138200000000","3125200000000","2771600000000"
"                    By import",,,,,,,,,,,,,,,,,,,,,,,,,,,,,,,,,,,,,,,,,,,,,,,,,,,,,,,,,,,,,,,,,,,,,,,,,,,,,,,,,,,,,,,,,,,,
"                        Goods ($)","4500000000","3100000000","2100000000","1300000000","1500000000","1800000000","2500000000","2500000000","3200000000","2200000000","2400000000","2700000000","3400000000","2700000000","3400000000","3800000000","3900000000","5100000000","6000000000","7600000000","6900000000","9100000000","11200000000","10800000000","11000000000","10400000000","11500000000","12800000000","13300000000","13000000000","15300000000","15200000000","15100000000","16900000000","17700000000","19400000000","22200000000","26300000000","27800000000","33900000000","36800000000","40900000000","46600000000","56900000000","71800000000","104500000000","99000000000","124600000000","152600000000","177400000000","212800000000","248600000000","267800000000","250500000000","272700000000","336300000000","343300000000","370000000000","414800000000","452100000000","484800000000","508100000000","500700000000","544900000000","592800000000","676800000000","757400000000","807400000000","885700000000","930800000000","1051200000000","1250100000000","1173800000000","1194400000000","1291300000000","1507300000000","1715500000000","1895700000000","1999700000000","2144300000000","1585400000000","1944800000000","2240500000000","2301400000000","2296400000000","2391600000000","2288100000000","2221100000000","2376900000000","2565600000000","2525600000000","2308700000000"
"                        Services ($)","1100000000","1000000000","800000000","600000000","400000000","500000000","500000000","600000000","800000000","700000000","700000000","700000000","1000000000","1900000000","2800000000","3100000000","3700000000","1900000000","2000000000","2500000000","2400000000","2500000000","3400000000","4500000000","5000000000","5100000000","5700000000","6100000000","6700000000","7100000000","7000000000","7600000000","7600000000","8100000000","8400000000","8700000000","9300000000","10700000000","12200000000","12600000000","13700000000","14900000000","15800000000","17300000000","19300000000","22900000000","23700000000","26500000000","29800000000","34800000000","39900000000","45300000000","49900000000","52600000000","56000000000","68800000000","73900000000","82900000000","93900000000","101900000000","106200000000","121700000000","122800000000","122900000000","127200000000","136600000000","145100000000","156500000000","170100000000","184900000000","197400000000","221200000000","218800000000","229800000000","248000000000","289400000000","311000000000","347800000000","379600000000","415900000000","393100000000","415400000000","441900000000","458500000000","467800000000","487800000000","504400000000","518600000000","553200000000","572600000000","599600000000","463000000000"
"        Government consumption expenditures and gross investment ($)","9600000000","10300000000","10200000000","8900000000","8900000000","10700000000","11200000000","13400000000","13100000000","14200000000","15200000000","15600000000","27800000000","65400000000","98000000000","108600000000","96400000000","43000000000","39800000000","43800000000","49800000000","50500000000","73300000000","89600000000","96800000000","92500000000","93000000000","98200000000","107200000000","114100000000","118500000000","120500000000","129200000000","140300000000","147200000000","154800000000","164100000000","185400000000","207000000000","225500000000","239000000000","252600000000","267500000000","286200000000","304800000000","341400000000","381100000000","404200000000","434300000000","476300000000","524800000000","589600000000","654400000000","711500000000","766600000000","827900000000","910500000000","976100000000","1031500000000","1078900000000","1151900000000","1238600000000","1299000000000","1344500000000","1364900000000","1402300000000","1449400000000","1492800000000","1547100000000","1611600000000","1720400000000","1826800000000","1949300000000","2088700000000","2211200000000","2338900000000","2476000000000","2624200000000","2790800000000","2982000000000","3073500000000","3154600000000","3148400000000","3137000000000","3132400000000","3168000000000","3230200000000","3299300000000","3407000000000","3595200000000","3747900000000","3830200000000"
"            By government type",,,,,,,,,,,,,,,,,,,,,,,,,,,,,,,,,,,,,,,,,,,,,,,,,,,,,,,,,,,,,,,,,,,,,,,,,,,,,,,,,,,,,,,,,,,,
"                Federal ($)","1900000000","2000000000","2100000000","2000000000","2500000000","3500000000","3600000000","5800000000","5300000000","5900000000","6200000000","6800000000","19100000000","56700000000","89500000000","100100000000","87200000000","32000000000","25700000000","27000000000","30400000000","29400000000","49900000000","64800000000","70300000000","63300000000","61000000000","63100000000","68500000000","71500000000","73600000000","72900000000","77400000000","85500000000","87900000000","90300000000","93200000000","106600000000","120000000000","128000000000","131200000000","132800000000","134500000000","141600000000","146200000000","158800000000","173700000000","184800000000","200300000000","218900000000","240600000000","274900000000","314000000000","348300000000","382400000000","411800000000","452900000000","481700000000","502800000000","511400000000","534100000000","562400000000","582900000000","588500000000","580200000000","574700000000","576700000000","579200000000","583300000000","585500000000","611300000000","633700000000","670100000000","743000000000","826300000000","891700000000","947500000000","1000700000000","1050500000000","1150600000000","1218200000000","1297900000000","1298900000000","1286500000000","1226600000000","1215000000000","1220800000000","1234700000000","1263900000000","1339400000000","1419200000000","1484500000000"
"                    By type",,,,,,,,,,,,,,,,,,,,,,,,,,,,,,,,,,,,,,,,,,,,,,,,,,,,,,,,,,,,,,,,,,,,,,,,,,,,,,,,,,,,,,,,,,,,
"                        National defense ($)","1100000000","1100000000","1100000000","1100000000","1000000000","900000000","1200000000","1400000000","1400000000","1500000000","1700000000","2800000000","15400000000","53500000000","86800000000","97300000000","84800000000","28000000000","21100000000","20900000000","22300000000","22600000000","43700000000","57400000000","61100000000","54400000000","52400000000","55000000000","59900000000","62200000000","60900000000","60900000000","64500000000","69700000000","70000000000","69700000000","70600000000","82500000000","95000000000","101400000000","102100000000","100700000000","98000000000","100700000000","102600000000","109900000000","118000000000","125000000000","134400000000","145200000000","160600000000","183400000000","213400000000","245400000000","272100000000","298800000000","329500000000","352400000000","372400000000","382100000000","391200000000","405000000000","414000000000","406500000000","391600000000","382100000000","377200000000","377300000000","372000000000","368800000000","383300000000","392600000000","413200000000","458900000000","521200000000","569900000000","609400000000","640800000000","679300000000","750300000000","787600000000","828000000000","834000000000","814200000000","764200000000","743400000000","729700000000","728700000000","747200000000","794300000000","852400000000","885600000000"
"                        Nondefense ($)","900000000","900000000","1000000000","1000000000","1500000000","2500000000","2400000000","4400000000","3800000000","4400000000","4600000000","4000000000","3700000000","3200000000","2700000000","2800000000","2400000000","4000000000","4700000000","6200000000","8100000000","6800000000","6300000000","7400000000","9100000000","8800000000","8700000000","8200000000","8500000000","9300000000","12600000000","12000000000","12800000000","15800000000","17900000000","20500000000","22600000000","24100000000","25000000000","26600000000","29100000000","32100000000","36500000000","40900000000","43600000000","48900000000","55800000000","59800000000","65900000000","73700000000","80000000000","91500000000","100600000000","102900000000","110300000000","113000000000","123400000000","129300000000","130400000000","129300000000","142900000000","157400000000","168900000000","182000000000","188500000000","192600000000","199500000000","201900000000","211300000000","216800000000","228100000000","241100000000","256900000000","284100000000","305000000000","321900000000","338000000000","359900000000","371200000000","400200000000","430600000000","469900000000","465000000000","472400000000","462400000000","471600000000","491000000000","506000000000","516600000000","545100000000","566700000000","598800000000"
"                State and local ($)","7700000000","8300000000","8100000000","6900000000","6400000000","7300000000","7600000000","7600000000","7800000000","8300000000","8900000000","8700000000","8700000000","8700000000","8500000000","8600000000","9200000000","11000000000","14100000000","16700000000","19400000000","21100000000","23400000000","24800000000","26500000000","29200000000","31900000000","35100000000","38700000000","42600000000","44900000000","47600000000","51900000000","54800000000","59300000000","64500000000","70900000000","78900000000","87000000000","97600000000","107800000000","119800000000","133000000000","144500000000","158600000000","182500000000","207400000000","219400000000","234000000000","257400000000","284200000000","314700000000","340400000000","363100000000","384200000000","416100000000","457600000000","494400000000","528700000000","567400000000","617800000000","676200000000","716000000000","756000000000","784800000000","827600000000","872700000000","913700000000","963800000000","1026100000000","1109000000000","1193100000000","1279200000000","1345700000000","1384900000000","1447100000000","1528500000000","1623500000000","1740300000000","1831400000000","1855300000000","1856700000000","1849400000000","1850500000000","1905800000000","1953000000000","2009400000000","2064600000000","2143200000000","2255700000000","2328700000000","2345700000000"
"    GDP in current and chained dollars",,,,,,,,,,,,,,,,,,,,,,,,,,,,,,,,,,,,,,,,,,,,,,,,,,,,,,,,,,,,,,,,,,,,,,,,,,,,,,,,,,,,,,,,,,,,
"        Current dollars ($)","104600000000","92200000000","77400000000","59500000000","57200000000","66800000000","74200000000","84800000000","93000000000","87400000000","93400000000","102900000000","129300000000","166000000000","203100000000","224400000000","228000000000","227500000000","249600000000","274500000000","272500000000","299800000000","346900000000","367300000000","389200000000","390500000000","425500000000","449400000000","474000000000","481200000000","521700000000","542400000000","562200000000","603900000000","637500000000","684500000000","742300000000","813400000000","860000000000","940700000000","1017600000000","1073300000000","1164900000000","1279100000000","1425400000000","1545200000000","1684900000000","1873400000000","2081800000000","2351600000000","2627300000000","2857300000000","3207000000000","3343800000000","3634000000000","4037600000000","4339000000000","4579600000000","4855200000000","5236400000000","5641600000000","5963100000000","6158100000000","6520300000000","6858600000000","7287200000000","7639700000000","8073100000000","8577600000000","9062800000000","9630700000000","10252300000000","10581800000000","10936400000000","11458200000000","12213700000000","13036600000000","13814600000000","14451900000000","14712800000000","14448900000000","14992100000000","15542600000000","16197000000000","16784900000000","17527300000000","18238300000000","18745100000000","19543000000000","20611900000000","21433200000000","20932800000000"
"        Inflation-adjusted to 2012 dollars ($)","1109400000000","1015100000000","950000000000","827500000000","817300000000","905600000000","986200000000","1113300000000","1170300000000","1131600000000","1222400000000","1330200000000","1565800000000","1861500000000","2178400000000","2351600000000","2328600000000","2058400000000","2034800000000","2118500000000","2106600000000","2289500000000","2473800000000","2574900000000","2695600000000","2680000000000","2871200000000","2932400000000","2994100000000","2972000000000","3178200000000","3260000000000","3343500000000","3548400000000","3702900000000","3916300000000","4170800000000","4445900000000","4567800000000","4792300000000","4942100000000","4951300000000","5114300000000","5383300000000","5687200000000","5656500000000","5644800000000","5949000000000","6224100000000","6568600000000","6776600000000","6759200000000","6930700000000","6805800000000","7117700000000","7632800000000","7951100000000","8226400000000","8511000000000","8866500000000","9192100000000","9365500000000","9355400000000","9684900000000","9951500000000","10352400000000","10630300000000","11031400000000","11521900000000","12038300000000","12610500000000","13131000000000","13262100000000","13493100000000","13879100000000","14406400000000","14912500000000","15338300000000","15626000000000","15604700000000","15208800000000","15598800000000","15840700000000","16197000000000","16495400000000","16912000000000","17432200000000","17730500000000","18144100000000","18687800000000","19091700000000","18422600000000"

"Sources:"
,"Agency","Source","Table","Url","Direct Link","Updated","Update Schedule"
,"Bureau of Economic Analysis","National Income and Product Accounts, Table 1.1.5","","https://apps.bea.gov/iTable/iTable.cfm?reqid=19&step=3&isuri=1&select_all_years=1&nipa_table_list=5&series=a&first_year=2016&scale=-6&last_year=2018&categories=survey&thetable=x",,"2020","Quarterly"
"Exported on: 11/23/2021"
